species_name	accession	assembly	busco_score	refSpecies_cactus	cactus_name	hal_name	RNA_seq	annotated	busco_annotated	total_genes
Chymomyza costata	76946	Chymomyza_costata.nanopore_genomic.fna	99.1	Yes	*CHYMOMYZA_COSTATA	CHYMOMYZA_COSTATA	No	No	NA	NA
Chymomyza procnemis	59308	Chymomyza_procnemis.nanopore_genomic.fna	98.6	Yes	*CHYMOMYZA_PROCNEMIS	CHYMOMYZA_PROCNEMIS	No	No	NA	NA
Drosophila acanthoptera	51166	Drosophila_acanthoptera.nanopore_genomic.fna	97.4	Yes	*DROSOPHILA_ACANTHOPTERA	DROSOPHILA_ACANTHOPTERA	No	No	NA	NA
Drosophila acutilabella	133978	Drosophila_acutilabella.nanopore_genomic.fna	98.8	Yes	*DROSOPHILA_ACUTILABELLA	DROSOPHILA_ACUTILABELLA	No	No	NA	NA
Drosophila aff. chauvacae BK-2020	2789722	Drosophila_aff._chauvacae_BK-2020.nanopore_genomic.fna	99.3	Yes	*DROSOPHILA_AFF__CHAUVACAE_BK-2020	DROSOPHILA_AFF__CHAUVACAE_BK-2020	No	No	NA	NA
Drosophila affinis	7246	Drosophila_affinis.nanopore_genomic.fna	92.0	No	DROSOPHILA_AFFINIS	DROSOPHILA_AFFINIS	No	No	NA	NA
Drosophila algonquin	7247	Drosophila_algonquin.nanopore_genomic.fna	98.9	Yes	*DROSOPHILA_ALGONQUIN	DROSOPHILA_ALGONQUIN	No	No	NA	NA
Drosophila ambigua	7216	Drosophila_ambigua.nanopore_genomic.fna	98.9	Yes	*DROSOPHILA_AMBIGUA	DROSOPHILA_AMBIGUA	No	No	NA	NA
Drosophila americana	40366	Drosophila_americana.nanopore_genomic.fna	99.4	Yes	*DROSOPHILA_AMERICANA	DROSOPHILA_AMERICANA	Yes	No	NA	NA
Drosophila ananassae	7217	Drosophila_ananassae.nanopore_genomic.fna	99.2	Yes	*DROSOPHILA_ANANASSAE	DROSOPHILA_ANANASSAE	Yes	Yes	0.9960426	16982
Drosophila anomalipes	504576	Drosophila_anomalipes.nanopore_genomic.fna	99.2	Yes	*DROSOPHILA_ANOMALIPES	DROSOPHILA_ANOMALIPES	No	No	NA	NA
Drosophila anomelani	2793621	Drosophila_anomelani.nanopore_genomic.fna	95.3	Yes	*DROSOPHILA_ANOMELANI	DROSOPHILA_ANOMELANI	No	No	NA	NA
Drosophila arawakana	30017	Drosophila_arawakana.nanopore_genomic.fna	99.0	Yes	*DROSOPHILA_ARAWAKANA	DROSOPHILA_ARAWAKANA	No	No	NA	NA
Drosophila arizonae	7263	Drosophila_arizonae.nanopore_genomic.fna	94.8	No	DROSOPHILA_ARIZONAE	DROSOPHILA_ARIZONAE	Yes	Yes	0.95616436	13329
Drosophila asahinai	154832	Drosophila_asahinai.nanopore_genomic.fna	97.8	Yes	*DROSOPHILA_ASAHINAI	DROSOPHILA_ASAHINAI	No	No	NA	NA
Drosophila atripex	60715	Drosophila_atripex.nanopore_genomic.fna	98.9	Yes	*DROSOPHILA_ATRIPEX	DROSOPHILA_ATRIPEX	No	No	NA	NA
Drosophila azteca	7249	Drosophila_azteca.nanopore_genomic.fna	98.6	Yes	*DROSOPHILA_AZTECA	DROSOPHILA_AZTECA	No	No	NA	NA
Drosophila baimaii	137353	Drosophila_baimaii.nanopore_genomic.fna	88.7	No	DROSOPHILA_BAIMAII	DROSOPHILA_BAIMAII	No	No	NA	NA
Drosophila bakoue	30018	Drosophila_bakoue.nanopore_genomic.fna	98.1	Yes	*DROSOPHILA_BAKOUE	DROSOPHILA_BAKOUE	No	No	NA	NA
Drosophila barbarae	137354	Drosophila_barbarae.nanopore_genomic.fna	89.1	No	DROSOPHILA_BARBARAE	DROSOPHILA_BARBARAE	No	No	NA	NA
Drosophila basisetae	48352	Drosophila_basisetae.nanopore_genomic.fna	99.1	Yes	*DROSOPHILA_BASISETAE	DROSOPHILA_BASISETAE	No	No	NA	NA
Drosophila biarmipes	125945	Drosophila_biarmipes.nanopore_genomic.fna	99.3	Yes	*DROSOPHILA_BIARMIPES	DROSOPHILA_BIARMIPES	Yes	Yes	0.99878234	15884
Drosophila bicornuta	112146	Drosophila_bicornuta.nanopore_genomic.fna	98.4	Yes	*DROSOPHILA_BICORNUTA	DROSOPHILA_BICORNUTA	No	No	NA	NA
Drosophila bifasciata	7218	Drosophila_bifasciata.nanopore_genomic.fna	99.1	Yes	*DROSOPHILA_BIFASCIATA	DROSOPHILA_BIFASCIATA	No	No	NA	NA
Drosophila bipectinata	42026	Drosophila_bipectinata.nanopore_genomic.fna	99.3	Yes	*DROSOPHILA_BIPECTINATA	DROSOPHILA_BIPECTINATA	Yes	Yes	0.99908674	15439
Drosophila birchii	46829	Drosophila_birchii.nanopore_genomic.fna	98.8	Yes	*DROSOPHILA_BIRCHII	DROSOPHILA_BIRCHII	Yes	No	NA	NA
Drosophila bocqueti	74549	Drosophila_bocqueti.nanopore_genomic.fna	99.0	Yes	*DROSOPHILA_BOCQUETI	DROSOPHILA_BOCQUETI	No	No	NA	NA
Drosophila borealis	40368	Drosophila_borealis.nanopore_genomic.fna	98.8	Yes	*DROSOPHILA_BOREALIS	DROSOPHILA_BOREALIS	No	No	NA	NA
Drosophila bromeliae	7278	Drosophila_bromeliae.nanopore_genomic.fna	97.5	Yes	*DROSOPHILA_BROMELIAE	DROSOPHILA_BROMELIAE	No	No	NA	NA
Drosophila busckii	30019	Drosophila_busckii.nanopore_genomic.fna	98.2	Yes	*DROSOPHILA_BUSCKII	DROSOPHILA_BUSCKII	Yes	Yes	0.9805175	13311
Drosophila cardini	133981	Drosophila_cardini.nanopore_genomic.fna	99.0	Yes	*DROSOPHILA_CARDINI	DROSOPHILA_CARDINI	No	No	NA	NA
Drosophila carrolli	2789720	Drosophila_carrolli.nanopore_genomic.fna	98.6	Yes	*DROSOPHILA_CARROLLI	DROSOPHILA_CARROLLI	No	No	NA	NA
Drosophila chauvacae	154833	Drosophila_chauvacae.nanopore_genomic.fna	91.5	No	DROSOPHILA_CHAUVACAE	DROSOPHILA_CHAUVACAE	No	No	NA	NA
Drosophila curta	2910161	Drosophila_curta.nanopore_genomic.fna	86.7	No	DROSOPHILA_CURTA	DROSOPHILA_CURTA	No	No	NA	NA
Drosophila cyrtoloma	46895	Drosophila_cyrtoloma.nanopore_genomic.fna	97.9	Yes	*DROSOPHILA_CYRTOLOMA	DROSOPHILA_CYRTOLOMA	No	No	NA	NA
Drosophila denticulata	2870799	Drosophila_denticulata.nanopore_genomic.fna	95.5	Yes	*DROSOPHILA_DENTICULATA	DROSOPHILA_DENTICULATA	No	No	NA	NA
Drosophila differens	7219	Drosophila_differens.nanopore_genomic.fna	98.3	Yes	*DROSOPHILA_DIFFERENS	DROSOPHILA_DIFFERENS	No	No	NA	NA
Drosophila diplacantha	61426	Drosophila_diplacantha.nanopore_genomic.fna	86.5	No	DROSOPHILA_DIPLACANTHA	DROSOPHILA_DIPLACANTHA	No	No	NA	NA
Drosophila dunni	133979	Drosophila_dunni.nanopore_genomic.fna	99.1	Yes	*DROSOPHILA_DUNNI	DROSOPHILA_DUNNI	No	No	NA	NA
Drosophila elegans	30023	Drosophila_elegans.nanopore_genomic.fna	99.3	Yes	*DROSOPHILA_ELEGANS	DROSOPHILA_ELEGANS	Yes	Yes	0.99817353	15345
Drosophila equinoxialis	46790	Drosophila_equinoxialis.nanopore_genomic.fna	98.5	Yes	*DROSOPHILA_EQUINOXIALIS	DROSOPHILA_EQUINOXIALIS	No	No	NA	NA
Drosophila ercepeae	42063	Drosophila_ercepeae.nanopore_genomic.fna	99.3	Yes	*DROSOPHILA_ERCEPEAE	DROSOPHILA_ERCEPEAE	Yes	No	NA	NA
Drosophila erecta	7220	Drosophila_erecta.nanopore_genomic.fna	99.5	Yes	*DROSOPHILA_ERECTA	DROSOPHILA_ERECTA	Yes	Yes	0.9993912	14681
Drosophila eugracilis	29029	Drosophila_eugracilis.nanopore_genomic.fna	99.3	Yes	*DROSOPHILA_EUGRACILIS	DROSOPHILA_EUGRACILIS	Yes	Yes	0.99817353	15386
Drosophila ezoana	47313	Drosophila_ezoana.nanopore_genomic.fna	99.1	Yes	*DROSOPHILA_EZOANA	DROSOPHILA_EZOANA	No	No	NA	NA
Drosophila ficusphila	30025	Drosophila_ficusphila.nanopore_genomic.fna	99.4	Yes	*DROSOPHILA_FICUSPHILA	DROSOPHILA_FICUSPHILA	Yes	Yes	0.99908674	15751
Drosophila fima	30026	Drosophila_fima.nanopore_genomic.fna	88.4	No	DROSOPHILA_FIMA	DROSOPHILA_FIMA	No	No	NA	NA
Drosophila fuyamai	65963	Drosophila_fuyamai.nanopore_genomic.fna	99.3	Yes	*DROSOPHILA_FUYAMAI	DROSOPHILA_FUYAMAI	No	No	NA	NA
Drosophila gaucha	30028	Drosophila_gaucha.nanopore_genomic.fna	96.7	Yes	*DROSOPHILA_GAUCHA	DROSOPHILA_GAUCHA	No	No	NA	NA
Drosophila greeni	114631	Drosophila_greeni.nanopore_genomic.fna	71.3	No	DROSOPHILA_GREENI	DROSOPHILA_GREENI	No	No	NA	NA
Drosophila grimshawi	7222	Drosophila_grimshawi.nanopore_genomic.fna	99.0	Yes	*DROSOPHILA_GRIMSHAWI	DROSOPHILA_GRIMSHAWI	Yes	Yes	0.99908674	13778
Drosophila gunungcola	103775	Drosophila_gunungcola.nanopore_genomic.fna	99.3	Yes	*DROSOPHILA_GUNUNGCOLA	DROSOPHILA_GUNUNGCOLA	No	No	NA	NA
Drosophila guttifera	66368	Drosophila_guttifera.nanopore_genomic.fna	96.6	Yes	*DROSOPHILA_GUTTIFERA	DROSOPHILA_GUTTIFERA	Yes	No	NA	NA
Drosophila heteroneura	32382	Drosophila_heteroneura.nanopore_genomic.fna	91.0	No	DROSOPHILA_HETERONEURA	DROSOPHILA_HETERONEURA	No	No	NA	NA
Drosophila hydei	7224	Drosophila_hydei.nanopore_genomic.fna	99.3	Yes	*DROSOPHILA_HYDEI	DROSOPHILA_HYDEI	Yes	Yes	0.9972603	14400
Drosophila hypocausta	157293	Drosophila_hypocausta.nanopore_genomic.fna	99.0	Yes	*DROSOPHILA_HYPOCAUSTA	DROSOPHILA_HYPOCAUSTA	No	No	NA	NA
Drosophila immigrans	7250	Drosophila_immigrans.nanopore_genomic.fna	99.3	Yes	*DROSOPHILA_IMMIGRANS	DROSOPHILA_IMMIGRANS	Yes	No	NA	NA
Drosophila innubila	198719	Drosophila_innubila.nanopore_genomic.fna	98.6	Yes	*DROSOPHILA_INNUBILA	DROSOPHILA_INNUBILA	No	Yes	0.9975647	15094
Drosophila insularis	46792	Drosophila_insularis.nanopore_genomic.fna	99.0	Yes	*DROSOPHILA_INSULARIS	DROSOPHILA_INSULARIS	No	No	NA	NA
Drosophila jambulina	111875	Drosophila_jambulina.nanopore_genomic.fna	99.3	Yes	*DROSOPHILA_JAMBULINA	DROSOPHILA_JAMBULINA	Yes	No	NA	NA
Drosophila kanapiae	137072	Drosophila_kanapiae.nanopore_genomic.fna	99.0	Yes	*DROSOPHILA_KANAPIAE	DROSOPHILA_KANAPIAE	No	No	NA	NA
Drosophila kepulauana	88882	Drosophila_kepulauana.nanopore_genomic.fna	95.4	Yes	*DROSOPHILA_KEPULAUANA	DROSOPHILA_KEPULAUANA	No	No	NA	NA
Drosophila kikkawai	30033	Drosophila_kikkawai.nanopore_genomic.fna	99.6	Yes	*DROSOPHILA_KIKKAWAI	DROSOPHILA_KIKKAWAI	Yes	Yes	0.9996956	15922
Drosophila kurseongensis	1395515	Drosophila_kurseongensis.nanopore_genomic.fna	99.1	Yes	*DROSOPHILA_KURSEONGENSIS	DROSOPHILA_KURSEONGENSIS	Yes	No	NA	NA
Drosophila lacertosa	119604	Drosophila_lacertosa.nanopore_genomic.fna	97.5	Yes	*DROSOPHILA_LACERTOSA	DROSOPHILA_LACERTOSA	No	No	NA	NA
Drosophila lacteicornis	67531	Drosophila_lacteicornis.nanopore_genomic.fna	97.6	Yes	*DROSOPHILA_LACTEICORNIS	DROSOPHILA_LACTEICORNIS	No	No	NA	NA
Drosophila leontia	109356	Drosophila_leontia.nanopore_genomic.fna	97.8	Yes	*DROSOPHILA_LEONTIA	DROSOPHILA_LEONTIA	No	No	NA	NA
Drosophila limitata	48329	Drosophila_limitata.nanopore_genomic.fna	94.9	No	DROSOPHILA_LIMITATA	DROSOPHILA_LIMITATA	No	No	NA	NA
Drosophila lini	74550	Drosophila_lini.nanopore_genomic.fna	95.4	Yes	*DROSOPHILA_LINI	DROSOPHILA_LINI	No	No	NA	NA
Drosophila littoralis	47316	Drosophila_littoralis.nanopore_genomic.fna	99.4	Yes	*DROSOPHILA_LITTORALIS	DROSOPHILA_LITTORALIS	No	No	NA	NA
Drosophila lowei	7251	Drosophila_lowei.nanopore_genomic.fna	96.6	Yes	*DROSOPHILA_LOWEI	DROSOPHILA_LOWEI	No	No	NA	NA
Drosophila malagassya	30035	Drosophila_malagassya.nanopore_genomic.fna	93.2	No	DROSOPHILA_MALAGASSYA	DROSOPHILA_MALAGASSYA	No	No	NA	NA
Drosophila malerkotliana malerkotliana	195057	Drosophila_malerkotliana_malerkotliana.nanopore_genomic.fna	99.4	Yes	*DROSOPHILA_MALERKOTLIANA_MALERKOTLIANA	DROSOPHILA_MALERKOTLIANA_MALERKOTLIANA	No	No	NA	NA
Drosophila malerkotliana pallens	296644	Drosophila_malerkotliana_pallens.nanopore_genomic.fna	99.1	Yes	*DROSOPHILA_MALERKOTLIANA_PALLENS	DROSOPHILA_MALERKOTLIANA_PALLENS	Yes	No	NA	NA
Drosophila mauritiana	7226	Drosophila_mauritiana.nanopore_genomic.fna	99.7	Yes	*DROSOPHILA_MAURITIANA	DROSOPHILA_MAURITIANA	Yes	Yes	0.9993912	16006
Drosophila mayri	137074	Drosophila_mayri.nanopore_genomic.fna	98.9	Yes	*DROSOPHILA_MAYRI	DROSOPHILA_MAYRI	No	No	NA	NA
Drosophila melanica	7252	Drosophila_melanica.nanopore_genomic.fna	96.9	Yes	*DROSOPHILA_MELANICA	DROSOPHILA_MELANICA	No	No	NA	NA
Drosophila melanogaster	7227	Drosophila_melanogaster.nanopore_genomic.fna	99.6	Yes	*DROSOPHILA_MELANOGASTER	DROSOPHILA_MELANOGASTER	Yes	Yes	0.993	17868
Drosophila mercatorum	7253	Drosophila_mercatorum.nanopore_genomic.fna	98.3	Yes	*DROSOPHILA_MERCATORUM	DROSOPHILA_MERCATORUM	No	No	NA	NA
Drosophila meridiana	348017	Drosophila_meridiana.nanopore_genomic.fna	99.1	Yes	*DROSOPHILA_MERIDIANA	DROSOPHILA_MERIDIANA	No	No	NA	NA
Drosophila merina	300357	Drosophila_merina.nanopore_genomic.fna	99.1	Yes	*DROSOPHILA_MERINA	DROSOPHILA_MERINA	Yes	No	NA	NA
Drosophila micromelanica	189258	Drosophila_micromelanica.nanopore_genomic.fna	97.3	Yes	*DROSOPHILA_MICROMELANICA	DROSOPHILA_MICROMELANICA	No	No	NA	NA
Drosophila mimetica	30038	Drosophila_mimetica.nanopore_genomic.fna	98.4	Yes	*DROSOPHILA_MIMETICA	DROSOPHILA_MIMETICA	No	No	NA	NA
Drosophila miranda	7229	Drosophila_miranda.nanopore_genomic.fna	99.1	Yes	*DROSOPHILA_MIRANDA	DROSOPHILA_MIRANDA	Yes	Yes	0.9972603	23864
Drosophila mojavensis	7230	Drosophila_mojavensis.nanopore_genomic.fna	99.2	Yes	*DROSOPHILA_MOJAVENSIS	DROSOPHILA_MOJAVENSIS	Yes	Yes	0.99817353	15130
Drosophila monieri	154831	Drosophila_monieri.nanopore_genomic.fna	99.0	Yes	*DROSOPHILA_MONIERI	DROSOPHILA_MONIERI	No	No	NA	NA
Drosophila montana	40370	Drosophila_montana.nanopore_genomic.fna	94.5	No	DROSOPHILA_MONTANA	DROSOPHILA_MONTANA	Yes	No	NA	NA
Drosophila mulleri	7231	Drosophila_mulleri.nanopore_genomic.fna	98.0	Yes	*DROSOPHILA_MULLERI	DROSOPHILA_MULLERI	No	No	NA	NA
Drosophila murphyi	48335	Drosophila_murphyi.nanopore_genomic.fna	99.4	Yes	*DROSOPHILA_MURPHYI	DROSOPHILA_MURPHYI	No	No	NA	NA
Drosophila nannoptera	103845	Drosophila_nannoptera.nanopore_genomic.fna	99.0	Yes	*DROSOPHILA_NANNOPTERA	DROSOPHILA_NANNOPTERA	No	No	NA	NA
Drosophila navojoa	7232	Drosophila_navojoa.nanopore_genomic.fna	97.9	Yes	*DROSOPHILA_NAVOJOA	DROSOPHILA_NAVOJOA	Yes	Yes	0.9872146	14245
Drosophila nebulosa	7271	Drosophila_nebulosa.nanopore_genomic.fna	98.2	Yes	*DROSOPHILA_NEBULOSA	DROSOPHILA_NEBULOSA	No	No	NA	NA
Drosophila neocordata	30039	Drosophila_neocordata.nanopore_genomic.fna	99.2	Yes	*DROSOPHILA_NEOCORDATA	DROSOPHILA_NEOCORDATA	No	No	NA	NA
Drosophila neohypocausta	157057	Drosophila_neohypocausta.nanopore_genomic.fna	98.9	Yes	*DROSOPHILA_NEOHYPOCAUSTA	DROSOPHILA_NEOHYPOCAUSTA	No	No	NA	NA
Drosophila neonasuta	154130	Drosophila_neonasuta.nanopore_genomic.fna	92.0	No	DROSOPHILA_NEONASUTA	DROSOPHILA_NEONASUTA	No	No	NA	NA
Drosophila nigromelanica	499227	Drosophila_nigromelanica.nanopore_genomic.fna	98.0	Yes	*DROSOPHILA_NIGROMELANICA	DROSOPHILA_NIGROMELANICA	No	No	NA	NA
Drosophila nikananu	73157	Drosophila_nikananu.nanopore_genomic.fna	98.3	Yes	*DROSOPHILA_NIKANANU	DROSOPHILA_NIKANANU	No	No	NA	NA
Drosophila novamexicana	47314	Drosophila_novamexicana.nanopore_genomic.fna	98.2	Yes	*DROSOPHILA_NOVAMEXICANA	DROSOPHILA_NOVAMEXICANA	Yes	Yes	0.9893455	14480
Drosophila obscura	7282	Drosophila_obscura.nanopore_genomic.fna	99.2	Yes	*DROSOPHILA_OBSCURA	DROSOPHILA_OBSCURA	Yes	Yes	0.9969559	16248
Drosophila ochracea	48327	Drosophila_ochracea.nanopore_genomic.fna	98.9	Yes	*DROSOPHILA_OCHRACEA	DROSOPHILA_OCHRACEA	No	No	NA	NA
Drosophila ogumai	307244	Drosophila_ogumai.nanopore_genomic.fna	96.5	Yes	*DROSOPHILA_OGUMAI	DROSOPHILA_OGUMAI	No	No	NA	NA
Drosophila ohnishii	307242	Drosophila_ohnishii.nanopore_genomic.fna	90.8	No	DROSOPHILA_OHNISHII	DROSOPHILA_OHNISHII	No	No	NA	NA
Drosophila orena	7233	Drosophila_orena.nanopore_genomic.fna	97.7	Yes	*DROSOPHILA_ORENA	DROSOPHILA_ORENA	No	No	NA	NA
Drosophila ornatifrons	30031	Drosophila_ornatifrons.nanopore_genomic.fna	89.3	No	DROSOPHILA_ORNATIFRONS	DROSOPHILA_ORNATIFRONS	No	No	NA	NA
Drosophila orosa	137076	Drosophila_orosa.nanopore_genomic.fna	94.6	No	DROSOPHILA_OROSA	DROSOPHILA_OROSA	No	No	NA	NA
Drosophila oshimai	1870888	Drosophila_oshimai.nanopore_genomic.fna	98.8	Yes	*DROSOPHILA_OSHIMAI	DROSOPHILA_OSHIMAI	No	No	NA	NA
Drosophila pachea	103846	Drosophila_pachea.nanopore_genomic.fna	98.9	Yes	*DROSOPHILA_PACHEA	DROSOPHILA_PACHEA	No	No	NA	NA
Drosophila pallidipennis	30040	Drosophila_pallidipennis.nanopore_genomic.fna	98.1	Yes	*DROSOPHILA_PALLIDIPENNIS	DROSOPHILA_PALLIDIPENNIS	No	No	NA	NA
Drosophila parabipectinata	186283	Drosophila_parabipectinata.nanopore_genomic.fna	99.3	Yes	*DROSOPHILA_PARABIPECTINATA	DROSOPHILA_PARABIPECTINATA	No	No	NA	NA
Drosophila paranaensis	271083	Drosophila_paranaensis.nanopore_genomic.fna	97.8	Yes	*DROSOPHILA_PARANAENSIS	DROSOPHILA_PARANAENSIS	No	No	NA	NA
Drosophila parapallidosa	630223	Drosophila_parapallidosa.nanopore_genomic.fna	72.1	No	DROSOPHILA_PARAPALLIDOSA	DROSOPHILA_PARAPALLIDOSA	No	No	NA	NA
Drosophila parvula	137077	Drosophila_parvula.nanopore_genomic.fna	91.4	No	DROSOPHILA_PARVULA	DROSOPHILA_PARVULA	No	No	NA	NA
Drosophila paucipuncta	48355	Drosophila_paucipunta.nanopore_genomic.fna	99.2	Yes	*DROSOPHILA_PAUCIPUNCTA	DROSOPHILA_PAUCIPUNCTA	No	No	NA	NA
Drosophila paulistorum	46793	Drosophila_paulistorum.nanopore_genomic.fna	99.2	Yes	*DROSOPHILA_PAULISTORUM	DROSOPHILA_PAULISTORUM	Yes	No	NA	NA
Drosophila pectinifera	359927	Drosophila_pectinifera.nanopore_genomic.fna	98.7	Yes	*DROSOPHILA_PECTINIFERA	DROSOPHILA_PECTINIFERA	No	No	NA	NA
Drosophila peninsularis	30014	Drosophila_peninsularis.nanopore_genomic.fna	99.3	Yes	*DROSOPHILA_PENINSULARIS	DROSOPHILA_PENINSULARIS	No	No	NA	NA
Drosophila planitibia	7236	Drosophila_planitibia.nanopore_genomic.fna	98.3	Yes	*DROSOPHILA_PLANITIBIA	DROSOPHILA_PLANITIBIA	No	No	NA	NA
Drosophila primaeva	46814	Drosophila_primaeva.nanopore_genomic.fna	97.4	Yes	*DROSOPHILA_PRIMAEVA	DROSOPHILA_PRIMAEVA	Yes	No	NA	NA
Drosophila prolaticilia	48351	Drosophila_prolacticillia.nanopore_genomic.fna	97.1	Yes	*DROSOPHILA_PROLATICILIA	DROSOPHILA_PROLATICILIA	No	No	NA	NA
Drosophila prolongata	212811	Drosophila_prolongata.nanopore_genomic.fna	98.9	Yes	*DROSOPHILA_PROLONGATA	DROSOPHILA_PROLONGATA	Yes	No	NA	NA
Drosophila prosaltans	30042	Drosophila_prosaltans.nanopore_genomic.fna	99.4	Yes	*DROSOPHILA_PROSALTANS	DROSOPHILA_PROSALTANS	No	No	NA	NA
Drosophila pruinosa	312270	Drosophila_pruinosa.nanopore_genomic.fna	99.0	Yes	*DROSOPHILA_PRUINOSA	DROSOPHILA_PRUINOSA	No	No	NA	NA
Drosophila pseudoananassae nigrens	296643	Drosophila_pseudoananassae_nigrens.nanopore_genomic.fna	98.7	Yes	*DROSOPHILA_PSEUDOANANASSAE_NIGRENS	DROSOPHILA_PSEUDOANANASSAE_NIGRENS	Yes	No	NA	NA
Drosophila pseudoananassae pseudoananassae	65965	Drosophila_pseudoananassae_pseudoananassae.nanopore_genomic.fna	98.7	Yes	*DROSOPHILA_PSEUDOANANASSAE_PSEUDOANANASSAE	DROSOPHILA_PSEUDOANANASSAE_PSEUDOANANASSAE	Yes	No	NA	NA
Drosophila pseudoobscura	7237	Drosophila_pseudoobscura.nanopore_genomic.fna	99.3	Yes	*DROSOPHILA_PSEUDOOBSCURA	DROSOPHILA_PSEUDOOBSCURA	Yes	Yes	0.9972603	16880
Drosophila pseudotalamancana	1471186	Drosophila_pseudotalamancana.nanopore_genomic.fna	99.0	Yes	*DROSOPHILA_PSEUDOTALAMANCANA	DROSOPHILA_PSEUDOTALAMANCANA	No	No	NA	NA
Drosophila pulaua	88885	Drosophila_pulaua.nanopore_genomic.fna	96.1	Yes	*DROSOPHILA_PULAUA	DROSOPHILA_PULAUA	No	No	NA	NA
Drosophila punjabiensis	60717	Drosophila_punjabiensis.nanopore_genomic.fna	98.4	Yes	*DROSOPHILA_PUNJABIENSIS	DROSOPHILA_PUNJABIENSIS	No	No	NA	NA
Drosophila putrida	38840	Drosophila_putrida.nanopore_genomic.fna	98.9	Yes	*DROSOPHILA_PUTRIDA	DROSOPHILA_PUTRIDA	Yes	No	NA	NA
Drosophila quadrilineata	387621	Drosophila_quadrilineata.nanopore_genomic.fna	98.9	Yes	*DROSOPHILA_QUADRILINEATA	DROSOPHILA_QUADRILINEATA	No	No	NA	NA
Drosophila repleta	30043	Drosophila_repleta.nanopore_genomic.fna	99.1	Yes	*DROSOPHILA_REPLETA	DROSOPHILA_REPLETA	Yes	No	NA	NA
Drosophila repletoides	170952	Drosophila_repletoides.nanopore_genomic.fna	99.3	Yes	*DROSOPHILA_REPLETOIDES	DROSOPHILA_REPLETOIDES	No	No	NA	NA
Drosophila rhopaloa	1041015	Drosophila_rhopaloa.nanopore_genomic.fna	98.7	Yes	*DROSOPHILA_RHOPALOA	DROSOPHILA_RHOPALOA	Yes	Yes	0.99452055	15607
Drosophila robusta	7257	Drosophila_robusta.nanopore_genomic.fna	94.1	No	DROSOPHILA_ROBUSTA	DROSOPHILA_ROBUSTA	No	No	NA	NA
Drosophila rubida	30044	Drosophila_rubida.nanopore_genomic.fna	99.1	Yes	*DROSOPHILA_RUBIDA	DROSOPHILA_RUBIDA	Yes	Yes	0.979	11848
Drosophila rufa	67533	Drosophila_rufa.nanopore_genomic.fna	98.8	Yes	*DROSOPHILA_RUFA	DROSOPHILA_RUFA	No	No	NA	NA
Drosophila saltans	7273	Drosophila_saltans.nanopore_genomic.fna	99.2	Yes	*DROSOPHILA_SALTANS	DROSOPHILA_SALTANS	Yes	No	NA	NA
Drosophila santomea	129105	Drosophila_santomea.nanopore_genomic.fna	99.4	Yes	*DROSOPHILA_SANTOMEA	DROSOPHILA_SANTOMEA	Yes	Yes	0.9993912	15485
Drosophila sechellia	7238	Drosophila_sechellia.nanopore_genomic.fna	99.5	Yes	*DROSOPHILA_SECHELLIA	DROSOPHILA_SECHELLIA	Yes	Yes	0.9996956	16553
Drosophila seguyi	73917	Drosophila_seguyi.nanopore_genomic.fna	98.1	Yes	*DROSOPHILA_SEGUYI	DROSOPHILA_SEGUYI	No	No	NA	NA
Drosophila seriema	271509	Drosophila_seriema.nanopore_genomic.fna	91.6	No	DROSOPHILA_SERIEMA	DROSOPHILA_SERIEMA	No	No	NA	NA
Drosophila serrata	7274	Drosophila_serrata.nanopore_genomic.fna	98.6	Yes	*DROSOPHILA_SERRATA	DROSOPHILA_SERRATA	Yes	Yes	0.99908674	16081
Drosophila siamana	157059	Drosophila_siamana.nanopore_genomic.fna	98.8	Yes	*DROSOPHILA_SIAMANA	DROSOPHILA_SIAMANA	No	No	NA	NA
Drosophila silvestris	47010	Drosophila_silvestris.nanopore_genomic.fna	90.8	No	DROSOPHILA_SILVESTRIS	DROSOPHILA_SILVESTRIS	No	No	NA	NA
Drosophila simulans	7240	Drosophila_simulans.nanopore_genomic.fna	99.4	Yes	*DROSOPHILA_SIMULANS	DROSOPHILA_SIMULANS	Yes	Yes	0.99847794	15845
Drosophila sproati	7289	Drosophila_sproati.nanopore_genomic.fna	99.5	Yes	*DROSOPHILA_SPROATI	DROSOPHILA_SPROATI	Yes	No	NA	NA
Drosophila sturtevanti	30047	Drosophila_sturtevanti.nanopore_genomic.fna	99.1	Yes	*DROSOPHILA_STURTEVANTI	DROSOPHILA_STURTEVANTI	No	No	NA	NA
Drosophila subobscura	7241	Drosophila_subobscura.nanopore_genomic.fna	99.6	Yes	*DROSOPHILA_SUBOBSCURA	DROSOPHILA_SUBOBSCURA	Yes	Yes	0.9975647	14381
Drosophila subpulchrella	1486046	Drosophila_subpulchrella.nanopore_genomic.fna	99.0	Yes	*DROSOPHILA_SUBPULCHRELLA	DROSOPHILA_SUBPULCHRELLA	Yes	Yes	0.99817353	17912
Drosophila subsilvestris	7239	Drosophila_subsilvestris.nanopore_genomic.fna	99.1	Yes	*DROSOPHILA_SUBSILVESTRIS	DROSOPHILA_SUBSILVESTRIS	No	No	NA	NA
Drosophila sucinea	46791	Drosophila_sucinea.nanopore_genomic.fna	98.9	Yes	*DROSOPHILA_SUCINEA	DROSOPHILA_SUCINEA	No	No	NA	NA
Drosophila sulfurigaster albostrigata	89887	Drosophila_sulfurigaster_albostrigata.nanopore_genomic.fna	97.4	Yes	*DROSOPHILA_SULFURIGASTER_ALBOSTRIGATA	DROSOPHILA_SULFURIGASTER_ALBOSTRIGATA	No	No	NA	NA
Drosophila sulfurigaster bilimbata	89888	Drosophila_sulfurigaster_bilimbata.nanopore_genomic.fna	98.2	Yes	*DROSOPHILA_SULFURIGASTER_BILIMBATA	DROSOPHILA_SULFURIGASTER_BILIMBATA	No	No	NA	NA
Drosophila tani	137070	Drosophila_tani.nanopore_genomic.fna	98.2	Yes	*DROSOPHILA_TANI	DROSOPHILA_TANI	No	No	NA	NA
Drosophila tanythrix	46827	Drosophila_tanythrix.nanopore_genomic.fna	98.9	Yes	*DROSOPHILA_TANYTHRIX	DROSOPHILA_TANYTHRIX	Yes	No	NA	NA
Drosophila teissieri	7243	Drosophila_teissieri.nanopore_genomic.fna	99.4	Yes	*DROSOPHILA_TEISSIERI	DROSOPHILA_TEISSIERI	Yes	Yes	0.9978691	15460
Drosophila testacea	38838	Drosophila_testacea.nanopore_genomic.fna	99.2	Yes	*DROSOPHILA_TESTACEA	DROSOPHILA_TESTACEA	No	No	NA	NA
Drosophila triauraria	67534	Drosophila_triauraria.nanopore_genomic.fna	98.8	Yes	*DROSOPHILA_TRIAURARIA	DROSOPHILA_TRIAURARIA	Yes	No	NA	NA
Drosophila tristis	7284	Drosophila_tristis.nanopore_genomic.fna	97.9	Yes	*DROSOPHILA_TRISTIS	DROSOPHILA_TRISTIS	No	No	NA	NA
Drosophila tropicalis	46794	Drosophila_tropicalis.nanopore_genomic.fna	98.7	Yes	*DROSOPHILA_TROPICALIS	DROSOPHILA_TROPICALIS	No	No	NA	NA
Drosophila truncata	137078	Drosophila_truncata.nanopore_genomic.fna	98.6	Yes	*DROSOPHILA_TRUNCATA	DROSOPHILA_TRUNCATA	No	No	NA	NA
Drosophila tsacasi	34677	Drosophila_tsacasi.nanopore_genomic.fna	92.9	No	DROSOPHILA_TSACASI	DROSOPHILA_TSACASI	No	No	NA	NA
Drosophila ustulata	309939	Drosophila_ustulata.nanopore_genomic.fna	99.1	Yes	*DROSOPHILA_USTULATA	DROSOPHILA_USTULATA	No	No	NA	NA
Drosophila vallismaia	30049	Drosophila_vallismaia.nanopore_genomic.fna	98.9	Yes	*DROSOPHILA_VALLISMAIA	DROSOPHILA_VALLISMAIA	No	No	NA	NA
Drosophila varians	30050	Drosophila_varians.nanopore_genomic.fna	99.4	Yes	*DROSOPHILA_VARIANS	DROSOPHILA_VARIANS	No	No	NA	NA
Drosophila villosipedis	48324	Drosophila_villosipedis.nanopore_genomic.fna	97.8	Yes	*DROSOPHILA_VILLOSIPEDIS	DROSOPHILA_VILLOSIPEDIS	No	No	NA	NA
Drosophila virilis	7244	Drosophila_virilis.nanopore_genomic.fna	99.4	Yes	*DROSOPHILA_VIRILIS	DROSOPHILA_VIRILIS	Yes	Yes	0.99847794	16102
Drosophila vulcana	132243	Drosophila_vulcana.nanopore_genomic.fna	98.5	Yes	*DROSOPHILA_VULCANA	DROSOPHILA_VULCANA	No	No	NA	NA
Drosophila wassermani	103847	Drosophila_wassermani.nanopore_genomic.fna	97.1	Yes	*DROSOPHILA_WASSERMANI	DROSOPHILA_WASSERMANI	No	No	NA	NA
Drosophila watanabei	94109	Drosophila_watanabei.nanopore_genomic.fna	97.9	Yes	*DROSOPHILA_WATANABEI	DROSOPHILA_WATANABEI	No	No	NA	NA
Drosophila willistoni	7260	Drosophila_willistoni.nanopore_genomic.fna	99.3	Yes	*DROSOPHILA_WILLISTONI	DROSOPHILA_WILLISTONI	Yes	Yes	0.9960426	16774
Drosophila yakuba	7245	Drosophila_yakuba.nanopore_genomic.fna	99.6	Yes	*DROSOPHILA_YAKUBA	DROSOPHILA_YAKUBA	Yes	Yes	0.99817353	16150
Ephydra gracilis	1577615	Ephydra_gracilis.nanopore_genomic.fna	77.7	No	EPHYDRA_GRACILIS	EPHYDRA_GRACILIS	No	No	NA	NA
Hirtodrosophila confusa	77771	Hirtodrosophila_confusa.nanopore_genomic.fna	99.0	Yes	*HIRTODROSOPHILA_CONFUSA	HIRTODROSOPHILA_CONFUSA	No	No	NA	NA
Hirtodrosophila duncani	745173	Hirtodrosophila_duncani.nanopore_genomic.fna	95.3	Yes	*HIRTODROSOPHILA_DUNCANI	HIRTODROSOPHILA_DUNCANI	No	No	NA	NA
Lordiphosa clarofinis	93397	Lordiphosa_clarofinis.nanopore_genomic.fna	98.8	Yes	*LORDIPHOSA_CLAROFINIS	LORDIPHOSA_CLAROFINIS	No	No	NA	NA
Lordiphosa collinella	93398	Lordiphosa_collinella.nanopore_genomic.fna	97.1	Yes	*LORDIPHOSA_COLLINELLA	LORDIPHOSA_COLLINELLA	No	No	NA	NA
Lordiphosa magnipectinata	140570	Lordiphosa_magnipectinata.nanopore_genomic.fna	97.2	Yes	*LORDIPHOSA_MAGNIPECTINATA	LORDIPHOSA_MAGNIPECTINATA	No	No	NA	NA
Lordiphosa mommai	1870885	Lordiphosa_mommai.nanopore_genomic.fna	97.4	Yes	*LORDIPHOSA_MOMMAI	LORDIPHOSA_MOMMAI	No	No	NA	NA
Lordiphosa sp 2 aff clarofinis		Lordiphosa_sp_2_aff_clarofinis.nanopore_genomic.fna	98.1	Yes	*LORDIPHOSA_SP_2_AFF_CLAROFINIS	LORDIPHOSA_SP_2_AFF_CLAROFINIS	No	No	NA	NA
Lordiphosa sp 3		Lordiphosa_sp_3.nanopore_genomic.fna	98.8	Yes	*LORDIPHOSA_SP_3	LORDIPHOSA_SP_3	No	No	NA	NA
Lordiphosa stackelbergi	93405	Lordiphosa_stackelbergi.nanopore_genomic.fna	78.2	No	LORDIPHOSA_STACKELBERGI	LORDIPHOSA_STACKELBERGI	No	No	NA	NA
Musca domestica	7370	Musca_domestica.nanopore_genomic.fna	96.8	Yes	*MUSCA_DOMESTICA	MUSCA_DOMESTICA	No	No	NA	NA
Scaptodrosophila latifasciaeformis	30034	Scaptodrosophila_latifasciaeformis.nanopore_genomic.fna	98.6	Yes	*SCAPTODROSOPHILA_LATIFASCIAEFORMIS	SCAPTODROSOPHILA_LATIFASCIAEFORMIS	Yes	No	NA	NA
Scaptodrosophila lebanonensis	7225	Scaptodrosophila_lebanonensis.nanopore_genomic.fna	98.4	Yes	*SCAPTODROSOPHILA_LEBANONENSIS	SCAPTODROSOPHILA_LEBANONENSIS	No	Yes	0.996347	14903
Scaptomyza graminum	106258	Scaptomyza_graminum.nanopore_genomic.fna	99.1	Yes	*SCAPTOMYZA_GRAMINUM	SCAPTOMYZA_GRAMINUM	No	No	NA	NA
Scaptomyza hsui	1334208	Scaptomyza_hsui.nanopore_genomic.fna	98.8	Yes	*SCAPTOMYZA_HSUI	SCAPTOMYZA_HSUI	No	No	NA	NA
Scaptomyza montana	1740953	Scaptomyza_montana.nanopore_genomic.fna	99.1	Yes	*SCAPTOMYZA_MONTANA	SCAPTOMYZA_MONTANA	No	No	NA	NA
Scaptomyza pallida	7300	Scaptomyza_pallida.nanopore_genomic.fna	98.3	Yes	*SCAPTOMYZA_PALLIDA	SCAPTOMYZA_PALLIDA	No	No	NA	NA
Zaprionus africanus	447232	Zaprionus_africanus.nanopore_genomic.fna	99.2	Yes	*ZAPRIONUS_AFRICANUS	ZAPRIONUS_AFRICANUS	No	No	NA	NA
Zaprionus camerounensis	428973	Zaprionus_camerounensis.nanopore_genomic.fna	99.2	Yes	*ZAPRIONUS_CAMEROUNENSIS	ZAPRIONUS_CAMEROUNENSIS	No	No	NA	NA
Zaprionus capensis	30053	Zaprionus_capensis.nanopore_genomic.fna	99.1	Yes	*ZAPRIONUS_CAPENSIS	ZAPRIONUS_CAPENSIS	No	No	NA	NA
Zaprionus davidi	428974	Zaprionus_davidi.nanopore_genomic.fna	99.0	Yes	*ZAPRIONUS_DAVIDI	ZAPRIONUS_DAVIDI	No	No	NA	NA
Zaprionus gabonicus	447233	Zaprionus_gabonicus.nanopore_genomic.fna	99.2	Yes	*ZAPRIONUS_GABONICUS	ZAPRIONUS_GABONICUS	No	No	NA	NA
Zaprionus ghesquierei	284540	Zaprionus_ghesquierei.nanopore_genomic.fna	98.9	Yes	*ZAPRIONUS_GHESQUIEREI	ZAPRIONUS_GHESQUIEREI	No	No	NA	NA
Zaprionus indianus	76712	Zaprionus_indianus.nanopore_genomic.fna	99.3	Yes	*ZAPRIONUS_INDIANUS	ZAPRIONUS_INDIANUS	Yes	No	NA	NA
Zaprionus inermis	30054	Zaprionus_inermis.nanopore_genomic.fna	99.1	Yes	*ZAPRIONUS_INERMIS	ZAPRIONUS_INERMIS	No	No	NA	NA
Zaprionus kolodkinae	184074	Zaprionus_kolodkinae.nanopore_genomic.fna	99.3	Yes	*ZAPRIONUS_KOLODKINAE	ZAPRIONUS_KOLODKINAE	No	No	NA	NA
Zaprionus lachaisei	429041	Zaprionus_lachaisei.nanopore_genomic.fna	98.8	Yes	*ZAPRIONUS_LACHAISEI	ZAPRIONUS_LACHAISEI	No	No	NA	NA
Zaprionus nigranus	429042	Zaprionus_nigranus.nanopore_genomic.fna	97.2	Yes	*ZAPRIONUS_NIGRANUS	ZAPRIONUS_NIGRANUS	No	No	NA	NA
Zaprionus ornatus	428978	Zaprionus_ornatus.nanopore_genomic.fna	99.1	Yes	*ZAPRIONUS_ORNATUS	ZAPRIONUS_ORNATUS	No	No	NA	NA
Zaprionus sepsoides	30056	Zaprionus_sepsoides.nanopore_genomic.fna	85.0	No	ZAPRIONUS_SEPSOIDES	ZAPRIONUS_SEPSOIDES	No	No	NA	NA
Zaprionus taronus	30057	Zaprionus_taronus.nanopore_genomic.fna	98.2	Yes	*ZAPRIONUS_TARONUS	ZAPRIONUS_TARONUS	No	No	NA	NA
Zaprionus tsacasi	429045	Zaprionus_tsacasi.nanopore_genomic.fna	98.8	Yes	*ZAPRIONUS_TSACASI	ZAPRIONUS_TSACASI	No	No	NA	NA
Zaprionus tuberculatus	7297	Zaprionus_tuberculatus.nanopore_genomic.fna	95.3	Yes	*ZAPRIONUS_TUBERCULATUS	ZAPRIONUS_TUBERCULATUS	Yes	No	NA	NA
Zaprionus vittiger	223247	Zaprionus_vittiger.nanopore_genomic.fna	99.2	Yes	*ZAPRIONUS_VITTIGER	ZAPRIONUS_VITTIGER	No	No	NA	NA
Braula coeca	305562	Braula_coeca.denovoAssembly_genomic.fna	53.0	No	BRAULA_COECA	BRAULA_COECA	No	No	NA	NA
Cirrula hians	1577616	Cirrula_hians.GCA_001015075.1_genomic.fna	34.9	No	CIRRULA_HIANS	CIRRULA_HIANS	No	No	NA	NA
Diastata repleta	2664166	Diastata_repleta.denovoAssembly_genomic.fna	86.2	No	DIASTATA_REPLETA	DIASTATA_REPLETA	No	No	NA	NA
Drosophila albomicans	7291	Drosophila_albomicans.GCF_009650485.1_genomic.fna	96.4	Yes	*DROSOPHILA_ALBOMICANS	DROSOPHILA_ALBOMICANS	Yes	Yes	0.97564685	15237
Drosophila americana texana	40372	Drosophila_americana_texana.GCA_019972375.1_genomic.fna	98.9	Yes	*DROSOPHILA_AMERICANA_TEXANA	DROSOPHILA_AMERICANA_TEXANA	Yes	No	NA	NA
Drosophila athabasca	7248	Drosophila_athabasca.GCA_008121215.1_genomic.fna	98.7	Yes	*DROSOPHILA_ATHABASCA	DROSOPHILA_ATHABASCA	Yes	No	NA	NA
Drosophila auraria	47315	Drosophila_auraria.GCA_008042615.1_genomic.fna	97.8	Yes	*DROSOPHILA_AURARIA	DROSOPHILA_AURARIA	No	No	NA	NA
Drosophila bocki	103765	Drosophila_bocki.GCA_008042715.1_genomic.fna	98.6	Yes	*DROSOPHILA_BOCKI	DROSOPHILA_BOCKI	No	No	NA	NA
Drosophila bunnanda	244254	Drosophila_bunnanda.GCA_021223745.1_genomic.fna	99.3	Yes	*DROSOPHILA_BUNNANDA	DROSOPHILA_BUNNANDA	Yes	Yes	0.993	12184
Drosophila burlai	137355	Drosophila_burlai.GCA_008042655.1_genomic.fna	97.9	Yes	*DROSOPHILA_BURLAI	DROSOPHILA_BURLAI	No	No	NA	NA
Drosophila fengkainensis	1084936	Drosophila_fengkainensis.GCA_018874535.1_genomic.fna	79.5	No	DROSOPHILA_FENGKAINENSIS	DROSOPHILA_FENGKAINENSIS	No	No	NA	NA
Drosophila funebris	7221	Drosophila_funebris.GCA_018901825.1_genomic.fna	98.3	Yes	*DROSOPHILA_FUNEBRIS	DROSOPHILA_FUNEBRIS	No	No	NA	NA
Drosophila guanche	7266	Drosophila_guanche.GCF_900245975.1_genomic.fna	99.2	Yes	*DROSOPHILA_GUANCHE	DROSOPHILA_GUANCHE	Yes	Yes	0.9960426	14306
Drosophila ironensis	2848634	Drosophila_ironensis.GCA_021223825.1_genomic.fna	98.9	Yes	*DROSOPHILA_IRONENSIS	DROSOPHILA_IRONENSIS	Yes	Yes	0.989	12677
Drosophila kohkoa	88883	Drosophila_kohkoa.GCA_019972355.1_genomic.fna	98.7	Yes	*DROSOPHILA_KOHKOA	DROSOPHILA_KOHKOA	Yes	No	NA	NA
Drosophila nasuta	42062	Drosophila_nasuta.GCA_019972435.1_genomic.fna	99.2	Yes	*DROSOPHILA_NASUTA	DROSOPHILA_NASUTA	Yes	No	NA	NA
Drosophila nigrodunni	133975	Drosophila_nigrodunni.GCA_020829145.1_genomic.fna	97.7	Yes	*DROSOPHILA_NIGRODUNNI	DROSOPHILA_NIGRODUNNI	No	No	NA	NA
Drosophila pandora	1867034	Drosophila_pandora.GCA_021223865.1_genomic.fna	99.2	Yes	*DROSOPHILA_PANDORA	DROSOPHILA_PANDORA	Yes	Yes	0.992	13780
Drosophila persimilis	7234	Drosophila_persimilis.GCF_003286085.1_genomic.fna	99.3	Yes	*DROSOPHILA_PERSIMILIS	DROSOPHILA_PERSIMILIS	Yes	Yes	0.9966515	15854
Drosophila pseudoananassae	65964	Drosophila_pseudoananassae.GCA_021223845.1_genomic.fna	98.9	Yes	*DROSOPHILA_PSEUDOANANASSAE	DROSOPHILA_PSEUDOANANASSAE	Yes	No	NA	NA
Drosophila pseudoobscura pseudoobscura	46245	Drosophila_pseudoobscura_pseudoobscura.GCA_000001765.3_genomic.fna	96.7	Yes	*DROSOPHILA_PSEUDOOBSCURA_PSEUDOOBSCURA	DROSOPHILA_PSEUDOOBSCURA_PSEUDOOBSCURA	Yes	No	NA	NA
Drosophila pseudotakahashii	193234	Drosophila_pseudotakahashii.GCA_021223935.1_genomic.fna	99.1	Yes	*DROSOPHILA_PSEUDOTAKAHASHII	DROSOPHILA_PSEUDOTAKAHASHII	Yes	Yes	0.991	13080
Drosophila setifemur	2848635	Drosophila_setifemur.GCA_021224005.1_genomic.fna	99.0	Yes	*DROSOPHILA_SETIFEMUR	DROSOPHILA_SETIFEMUR	Yes	Yes	0.990	12430
Drosophila sulfurigaster	88886	Drosophila_sulfurigaster.GCA_021223965.1_genomic.fna	96.8	Yes	*DROSOPHILA_SULFURIGASTER	DROSOPHILA_SULFURIGASTER	Yes	Yes	0.968	12297
Drosophila suzukii	28584	Drosophila_suzukii.GCF_013340165.1_genomic.fna	96.8	Yes	*DROSOPHILA_SUZUKII	DROSOPHILA_SUZUKII	Yes	Yes	0.9972603	17539
Drosophila takahashii	29030	Drosophila_takahashii.GCF_000224235.1_genomic.fna	98.9	Yes	*DROSOPHILA_TAKAHASHII	DROSOPHILA_TAKAHASHII	Yes	Yes	0.98964995	15855
Drosophila trapezifrons	94110	Drosophila_trapezifrons.GCA_018874455.1_genomic.fna	83.9	No	DROSOPHILA_TRAPEZIFRONS	DROSOPHILA_TRAPEZIFRONS	No	No	NA	NA
Glossina morsitans	7394	Glossina_morsitans.GCA_001077435.1_genomic.fna	95.8	Yes	*GLOSSINA_MORSITANS	GLOSSINA_MORSITANS	No	No	NA	NA
Leucophenga varia	745178	Leucophenga_varia.GCA_018903435.1_genomic.fna	93.2	No	LEUCOPHENGA_VARIA	LEUCOPHENGA_VARIA	No	No	NA	NA
Paykullia maculata	559696	Paykullia_maculata.GCA_003055125.1_genomic.fna	84.6	No	PAYKULLIA_MACULATA	PAYKULLIA_MACULATA	No	No	NA	NA
Phortica variegata	462259	Phortica_variegata.GCA_001014415.1_genomic.fna	93.1	No	PHORTICA_VARIEGATA	PHORTICA_VARIEGATA	Yes	No	NA	NA
Pollenia angustigena	1266490	Pollenia_angustigena.GCA_930367215.1_genomic.fna	96.6	Yes	*POLLENIA_ANGUSTIGENA	POLLENIA_ANGUSTIGENA	No	No	NA	NA
Protocalliphora azurea	226133	Protocalliphora_azurea.GCA_932274085.1_genomic.fna	97.0	Yes	*PROTOCALLIPHORA_AZUREA	PROTOCALLIPHORA_AZUREA	No	No	NA	NA
Sarcophaga bullata	7385	Sarcophaga_bullata.GCA_005959815.1_genomic.fna	85.9	No	SARCOPHAGA_BULLATA	SARCOPHAGA_BULLATA	No	No	NA	NA
Scaptomyza flava	928822	Scaptomyza_flava.GCA_003952975.1_genomic.fna	98.0	Yes	*SCAPTOMYZA_FLAVA	SCAPTOMYZA_FLAVA	Yes	No	NA	NA
Scatella tenuicosta	1473685	Scatella_tenuicosta.denovoAssembly_genomic.fna	61.0	No	SCATELLA_TENUICOSTA	SCATELLA_TENUICOSTA	No	No	NA	NA
Stegana sp. stegsp06	2663114	Stegana_sp._stegsp06.denovoAssembly_genomic.fna	82.4	No	STEGANA_SP__STEGSP06	STEGANA_SP__STEGSP06	Yes	No	NA	NA
Stomorhina lunata	1606781	Stomorhina_lunata.GCA_933228675.1_genomic.fna	98.4	Yes	*STOMORHINA_LUNATA	STOMORHINA_LUNATA	No	No	NA	NA
Tachina fera	631328	Tachina_fera.GCA_905220375.1_genomic.fna	95.0	Yes	*TACHINA_FERA	TACHINA_FERA	No	No	NA	NA
Zaprionus bogoriensis	309927	Zaprionus_bogoriensis.GCA_021223985.1_genomic.fna	99.0	Yes	*ZAPRIONUS_BOGORIENSIS	ZAPRIONUS_BOGORIENSIS	Yes	Yes	0.990	11883
